id,name,product
0014W000024TJen,Philadelphia 76ers,IAQ Monitoring
0014W000024TJen,Philadelphia 76ers,Occupancy Analytics (Tenent Facing)
0014W000024TJen,Philadelphia 76ers,SecureAire
0014W000024TJgR,Santa Barbara Cottage Hospital,Occupancy Analytics (Tenent Facing)
0014W000024TJU5,Tesla,SecureAire
0014W00002abch9,Toast Inc,Occupancy Analytics (Tenent Facing)
0014W00002abcm0,Projects Club,Occupancy Analytics (Tenent Facing)
0014W00002acQMA,Affirm,Occupancy Analytics (Tenent Facing)
0014W00002acxGX,U.S. Department of Veterans Affairs,IAQ Monitoring
0014W00002acxGX,U.S. Department of Veterans Affairs,Occupancy Analytics (Tenent Facing)
0014W00002acxGX,U.S. Department of Veterans Affairs,ODCV
0014W00002acxGX,U.S. Department of Veterans Affairs,SecureAire
0014W00002BnZeV,Newport School District,SecureAire
0014W00002D0TTf,BMO Bank of Montreal,IAQ Monitoring
0014W00002D0TTf,BMO Bank of Montreal,ODCV
0014W00002D0TTf,BMO Bank of Montreal,SecureAire
0014W00002D0TTk,Mastercard,Occupancy Analytics (Tenent Facing)
0014W00002D0UBm,Siemens,ODCV
0014W00002D1pmh,Trilogy Health Services,IAQ Monitoring
0014W00002D1pmh,Trilogy Health Services,SecureAire
0014W00002DMdSO,Penske Automotive Group,IAQ Monitoring
0014W00002DN0By,Morgan Stanley,SecureAire
0014W00002DN0CN,Silicon Valley Bank,Occupancy Analytics (Tenent Facing)
0014W00002DN0CS,Fidelity Investments,Occupancy Analytics (Tenent Facing)
0014W00002DoQvJ,Verizon,IAQ Monitoring
0014W00002DoQvJ,Verizon,Occupancy Analytics (Tenent Facing)
0014W00002DoQvJ,Verizon,ODCV
0014W00002DoQvJ,Verizon,SecureAire
0014W00002DoYAL,American Automobile Association (AAA),Occupancy Analytics (Tenent Facing)
0014W00002DoYDtQAN,Carrier,ODCV
0014W00002DoYED,CBRE,Occupancy Analytics (Owner Facing)
0014W00002DoYED,CBRE,ODCV
0014W00002DoYFg,University of Miami,SecureAire
0014W00002DoYFM,Cushman & Wakefield,Occupancy Analytics (Owner Facing)
0014W00002DoYIj,Florida State University,Occupancy Analytics (Tenent Facing)
0014W00002DoYJs,Mayo Clinic,Occupancy Analytics (Tenent Facing)
0014W00002DoYNZ,PwC,Occupancy Analytics (Tenent Facing)
0014W00002DoZCI,Alphabet,Occupancy Analytics (Tenent Facing)
0014W00002Dp71J,Visa,Occupancy Analytics (Tenent Facing)
0014W00002Dp7o2,Brigham Young University,SecureAire
0014W00002Dp7Zg,Stanford University (1),Occupancy Analytics (Tenent Facing)
0014W00002Fhc2G,SHI International,Occupancy Analytics (Tenent Facing)
0014W00002FhXxF,City of Charlotte,SecureAire
0014W00002Fitsf,James Madison University,SecureAire
0014W00002Fvebr,AT&T,Occupancy Analytics (Tenent Facing)
0014W00002Gagrs,Liberty University,Occupancy Analytics (Tenent Facing)
0014W00002GcLnJ,CHG Healthcare,Occupancy Analytics (Tenent Facing)
0014W00002gSMcr,The Walt Disney Company,Occupancy Analytics (Tenent Facing)
0014W00002gSMd9,Apple,Occupancy Analytics (Tenent Facing)
0014W00002gSMda,Target,Occupancy Analytics (Tenent Facing)
0014W00002gSMe5,Ford Motor,Occupancy Analytics (Tenent Facing)
0014W00002gSMfG,Boeing,IAQ Monitoring
0014W00002gSMfG,Boeing,Occupancy Analytics (Tenent Facing)
0014W00002gSMfG,Boeing,SecureAire
0014W00002gSMfJ,Charter Communications,Occupancy Analytics (Tenent Facing)
0014W00002gSMg2,Home Depot,SecureAire
0014W00002gSMg9,State Farm Insurance,Occupancy Analytics (Tenent Facing)
0014W00002HPiQv,Goldman Sachs Group,ODCV
0014W00002HPTqs,Sutter Health,Occupancy Analytics (Tenent Facing)
0014W00002iYqkf,Applied Materials (AMAT),Occupancy Analytics (Tenent Facing)
0014W00002iZbzv,Lake Dallas Independent School District,SecureAire
0014W00002iZsM6,Durango School District 9-R,SecureAire
0014W00002Kquxn,Kingsport City Schools,SecureAire
0014W00002LyTTW,Pasco School District,IAQ Monitoring
0014W00002LyTTW,Pasco School District,Occupancy Analytics (Tenent Facing)
0014W00002LyTVD,University of Washington,Occupancy Analytics (Tenent Facing)
0014W00002Lz6kB,The Carle Foundation Hospital,Occupancy Analytics (Tenent Facing)
0014W00002O5p7h,UNMC University of Nebraska Medical Center,SecureAire
0014W00002O5p8R,Boise State University,Occupancy Analytics (Tenent Facing)
0014W00002O5QMf,Veeva,Occupancy Analytics (Tenent Facing)
0014W00002O5RO2QAN,CLEAResult,ODCV
0014W00002O5Wig,Hudson Pacific Properties,SecureAire
0014W00002O5WkN,Colliers International,Occupancy Analytics (Owner Facing)
0014W00002O6Tsq,Amazon.com,Occupancy Analytics (Tenent Facing)
0014W00002O6Tvk,Northrop Grumman,Occupancy Analytics (Tenent Facing)
0014W00002O7EEh,Embry-Riddle Aeronautical University,SecureAire
0014W00002O7Z18,Clark County School District,IAQ Monitoring
0014W00002O7Z18,Clark County School District,SecureAire
0014W00002O8sAT,Otsuka America Pharmaceutical US,Occupancy Analytics (Tenent Facing)
0014W00002O8sCo,Syracuse University,Occupancy Analytics (Tenent Facing)
0014W00002RIeZO,Walmart,Occupancy Analytics (Tenent Facing)
0014W00002S9fzy,UnitedHealth Group,ODCV
0014W00002S9g0r,Ramboll,ODCV
0014W00002S9mee,BelCosta Labs,IAQ Monitoring
0014W00002S9mee,BelCosta Labs,Occupancy Analytics (Tenent Facing)
0014W00002SAKju,Memorial Sloan Kettering Cancer Center,Occupancy Analytics (Tenent Facing)
0014W00002SAKzI,CHS,IAQ Monitoring
0014W00002SCInR,UPS,IAQ Monitoring
0014W00002SCInR,UPS,Occupancy Analytics (Tenent Facing)
0014W00002SCInR,UPS,SecureAire
0014W00002SCIvd,Medtronic,Occupancy Analytics (Tenent Facing)
0014W00002SCIvi,Schlumberger,Occupancy Analytics (Tenent Facing)
0014W00002SCjW0,Covenant College,SecureAire
0014W00002SCkgJ,Johnson & Johnson,Occupancy Analytics (Tenent Facing)
0014W00002SCkk0,Emory University,Occupancy Analytics (Tenent Facing)
0014W00002SwaJP,Auburn University,SecureAire
0014W00002USmgF,Stanford Health Care,IAQ Monitoring
0014W00002USmgF,Stanford Health Care,Occupancy Analytics (Tenent Facing)
0014W00002USmgF,Stanford Health Care,ODCV
0014W00002UUsGB,Vistaprint,Occupancy Analytics (Tenent Facing)
0014W00002UVAvU,Care.com,Occupancy Analytics (Tenent Facing)
0014W00002VIf1c,Elk Grove Unified School District,IAQ Monitoring
0014W00002VIf1c,Elk Grove Unified School District,Occupancy Analytics (Tenent Facing)
0014W00002VIfxS,San Rafael High School,SecureAire
0014W00002VXbzy,S&P Global,Occupancy Analytics (Tenent Facing)
0014W00002VXc0R,Sonos,Occupancy Analytics (Tenent Facing)
0014W00002VXcTM,CommScope,SecureAire
0014W00002VXcUi,Tennessee Valley Authority,Occupancy Analytics (Tenent Facing)
0014W00002VXcUn,Atrium Health,Occupancy Analytics (Tenent Facing)
0014W00002VXkyI,Invesco,Occupancy Analytics (Tenent Facing)
0014W00002VXmNt,Salesforce,Occupancy Analytics (Tenent Facing)
0014W00002VXOWY,Coca-Cola,IAQ Monitoring
0014W00002VXOWY,Coca-Cola,Occupancy Analytics (Tenent Facing)
0014W00002VXOXH,Dolby,Occupancy Analytics (Tenent Facing)
0014W00002VXOXm,QVC,Occupancy Analytics (Tenent Facing)
0014W00002VXOXv,Gusto,Occupancy Analytics (Tenent Facing)
0014W00002VXOXW,Eli Lilly,Occupancy Analytics (Tenent Facing)
0014W00002VXOXX,Ericsson Inc,Occupancy Analytics (Tenent Facing)
0014W00002VXOzG,Walgreens,Occupancy Analytics (Tenent Facing)
0014W00002VXRbl,International Monetary Fund,Occupancy Analytics (Tenent Facing)
0014W00002VXRMi,Haworth,Occupancy Analytics (Tenent Facing)
0014W00002VXRy7,Indeed,Occupancy Analytics (Tenent Facing)
0014W00002VXSDN,Intuit,Occupancy Analytics (Tenent Facing)
0014W00002VXSKWQA5,Jones Lang LaSalle,Occupancy Analytics (Owner Facing)
0014W00002VXTb9,Uber,Occupancy Analytics (Tenent Facing)
0014W00002VXtx5,Grand Rapids Public School District,SecureAire
0014W00002VXXD7,Symetra Financial,Occupancy Analytics (Tenent Facing)
0014W00002VXYBp,McKesson,IAQ Monitoring
0014W00002VXYBp,McKesson,Occupancy Analytics (Tenent Facing)
0014W00002W24KN,Netflix,Occupancy Analytics (Tenent Facing)
0014W00002W24KN,Netflix,ODCV
0014W00002W24KN,Netflix,SecureAire
0014W00002W32Ir,Ivanhoe Cambridge,Occupancy Analytics (Owner Facing)
0014W00002W3Cdf,Carr Properties,Occupancy Analytics (Owner Facing)
0014W00002W3Cdf,Carr Properties,ODCV
0014W00002W454s,Mayo Clinic Health System,Occupancy Analytics (Tenent Facing)
0014W00002W454U,Intermountain Healthcare,SecureAire
0014W00002W454w,Medstar Health,Occupancy Analytics (Tenent Facing)
0014W00002W455r,Prisma Health,IAQ Monitoring
0014W00002Wc2dH,Elizabeth Public Schools,SecureAire
0014W00002WcsKM,Dartmouth College,SecureAire
0014W00002WcsOm,University of Maine,ODCV
0014W00002Wdu1l,Xavier University,Occupancy Analytics (Tenent Facing)
0014W00002WeGr9,Saif Corp,Occupancy Analytics (Tenent Facing)
0014W00002Wfzr5,Houston Independent School District,SecureAire
0014W00002Wg346,Baltimore City Public School System,IAQ Monitoring
0014W00002Wg346,Baltimore City Public School System,SecureAire
0014W00002YLoZn,MITRE,Occupancy Analytics (Tenent Facing)
0014W00002YunVj,Michigan State University,Occupancy Analytics (Tenent Facing)
0014W00002Yvh2U,MGM Resorts,ODCV
0014W00002Yvh2U,MGM Resorts,SecureAire
0014W00002YyL3H,U.S. General Services Administration - GSA Schedule Ordering Vehicle,Occupancy Analytics (Tenent Facing)
0018a00001hGd60,Snowflake,ODCV
0018a00001hGkFZ,Cleveland VA Medical Center,IAQ Monitoring
0018a00001hGvVO,DLR Group,ODCV
0018a00001hGXfg,Koch Foods Inc,Occupancy Analytics (Tenent Facing)
0018a00001hGXfg,Koch Foods Inc,SecureAire
0018a00001hH4Nc,University of Texas Medical Branch at Galveston (UTMB),IAQ Monitoring
0018a00001hH4Nc,University of Texas Medical Branch at Galveston (UTMB),Occupancy Analytics (Tenent Facing)
0018a00001hH4Nc,University of Texas Medical Branch at Galveston (UTMB),SecureAire
0018a00001hH4s8,Allstate,SecureAire
0018a00001hH4TU,University of Arizona,ODCV
0018a00001hH4TU,University of Arizona,SecureAire
0018a00001nr5Vj,Anthony Salvatore Demo,SecureAire
0018a00001nr6cD,ByteDance (TikTok),IAQ Monitoring
0018a00001nr6cD,ByteDance (TikTok),Occupancy Analytics (Tenent Facing)
0018a00001nr6cD,ByteDance (TikTok),ODCV
0018a00001nrAfi,Discord Inc,Occupancy Analytics (Tenent Facing)
0018a00001nrAg7,GSK,Occupancy Analytics (Tenent Facing)
0018a00001nrD5A,Toyota Connected,Occupancy Analytics (Tenent Facing)
0018a00001nrD68,DISH,SecureAire
0018a00001nrexS,Vorys,Occupancy Analytics (Tenent Facing)
0018a00001nrf0X,ABM,Occupancy Analytics (Tenent Facing)
0018a00001nrf1e,Prologis,ODCV
0018a00001nrfxkAAA,Ameresco Inc,ODCV
0018a00001nrGhI,Hines Corporation,Occupancy Analytics (Owner Facing)
0018a00001nrGhI,Hines Corporation,ODCV
0018a00001nrGhI,Hines Corporation,SecureAire
0018a00001nrHv6,Paramount,Occupancy Analytics (Tenent Facing)
0018a00001nrMpC,CareFirst,Occupancy Analytics (Tenent Facing)
0018a00001nrMqQ,UScellular,Occupancy Analytics (Tenent Facing)
0018a00001qumzJ,Utah Transit Authority,Occupancy Analytics (Tenent Facing)
0018a00001qusqy,Gadsden Independent School District,SecureAire
0018a00001quzWj,Genpact Inc,Occupancy Analytics (Tenent Facing)
0018a00001qv15m,Oregon City School District,SecureAire
0018a00001qv36M,Comerica,Occupancy Analytics (Tenent Facing)
0018a00001qvCJe,Renewable Energy Group,ODCV
0018a00001qvCKI,Sainsbury's,Occupancy Analytics (Tenent Facing)
0018a00001qvEfE,Stanford Children's,IAQ Monitoring
0018a00001qvEfE,Stanford Children's,Occupancy Analytics (Tenent Facing)
0018a00001qvEfu,ServiceNow,Occupancy Analytics (Tenent Facing)
0018a00001rC9Cg,Samsara,Occupancy Analytics (Tenent Facing)
0018a00001rCFFm,Sshape,Occupancy Analytics (Tenent Facing)
0018a00001rCHgs,Beneva,Occupancy Analytics (Tenent Facing)
0018a00001rCrhx,Cambia Health Solutions,Occupancy Analytics (Tenent Facing)
0018a00001rCSfR,Virginia Commonwealth University,Occupancy Analytics (Tenent Facing)
0018a00001rCU1o,BXP,Occupancy Analytics (Tenent Facing)
0018a00001rCu7z,Wiley,Occupancy Analytics (Tenent Facing)
0018a00001rD7cE,Transwestern,ODCV
0018a00001rD7mz,Evergy,Occupancy Analytics (Tenent Facing)
0018a00001rD7mz,Evergy,ODCV
0018a00001rDEkH,Qualcomm,ODCV
0018a00001rDFek,VA Sierra Nevada Healthcare System,IAQ Monitoring
0018a00001rDhmL,C&W Services,SecureAire
0018a00001rDi44,Jemena Ltd,Occupancy Analytics (Tenent Facing)
0018a00001rE4xw,DropBox Inc,Occupancy Analytics (Tenent Facing)
0018a00001rE4yG,Bentley Systems Inc,Occupancy Analytics (Tenent Facing)
0018a00001rE4z9,Tango Analytics,Occupancy Analytics (Tenent Facing)
0018a00001rEegC,Hoag,Occupancy Analytics (Tenent Facing)
0018a00001rEhLn,University of Texas - Rio Grande Valley,Occupancy Analytics (Owner Facing)
0018a000027l1ww,Divisions Maintenance Group,Occupancy Analytics (Tenent Facing)
0018a000027l1ww,Divisions Maintenance Group,SecureAire
0018a000027l1x1,CSIRO,Occupancy Analytics (Tenent Facing)
0018a000027l1x6,Kfshrc,Occupancy Analytics (Tenent Facing)
0018a000027laST,Moloco Redwood City,Occupancy Analytics (Tenent Facing)
0018a000027lawI,Success Academy Charter Schools,Occupancy Analytics (Tenent Facing)
0018a000027lcuM,"Milsco Jackson, MI",Occupancy Analytics (Tenent Facing)
0018a000027lcuR,Meta HQ,Occupancy Analytics (Tenent Facing)
0018a000027ldzQ,Sanofi Global RFP,Occupancy Analytics (Tenent Facing)
0018a000027lViq,Roofstock,Occupancy Analytics (Tenent Facing)
0018a000027lXWq,Eptura,ODCV
0018a000027lY5y,Cincinnati Children's Psychiatric,Occupancy Analytics (Tenent Facing)
0018a000027magE,Roshn,Occupancy Analytics (Tenent Facing)
0018a000027mHmJ,Genesys,Occupancy Analytics (Tenent Facing)
0018a000027muQv,"Renstar, LLC",Occupancy Analytics (Tenent Facing)
0018a000027n68s,Benhar Office Interiors,Occupancy Analytics (Tenent Facing)
0018a000027nASv,Accenture,Occupancy Analytics (Tenent Facing)
0018a000027nPuH,Hamilton Lane,Occupancy Analytics (Tenent Facing)
0018a00002KQceJ,Unit 40 Schools,IAQ Monitoring
0018a00002KQceJ,Unit 40 Schools,Occupancy Analytics (Tenent Facing)
0018a00002KQe7a,Chewy,Occupancy Analytics (Tenent Facing)
0018a00002KQryW,The RMR Group Inc.,Occupancy Analytics (Owner Facing)
0018a00002KQryW,The RMR Group Inc.,ODCV
0018a00002KRcTJ,Comeen,Occupancy Analytics (Tenent Facing)
0018a00002KRoT6,Waverly Council Chambers AU,Occupancy Analytics (Tenent Facing)
0018a00002NAdxv,United Nations,Occupancy Analytics (Tenent Facing)
0018a00002NAoVC,CDW,Occupancy Analytics (Tenent Facing)
0018a00002NOG67,PTS Consulting Pte Ltd.,Occupancy Analytics (Tenent Facing)
0018a00002NONP0,One Workplace,IAQ Monitoring
0018a00002NONP0,One Workplace,Occupancy Analytics (Tenent Facing)
0018a00002NONwh,Gazzaoui International Limited,Occupancy Analytics (Tenent Facing)
001Pr000002l06f,CS2 Test,SecureAire
001Pr0000036OVo,Alhambra Elementary School District #68,SecureAire
001Pr000003arNR,Atrium Health Floyd Medical Center,SecureAire
001Pr000003BZrz,Vaxcyte,IAQ Monitoring
001Pr000003BZrz,Vaxcyte,Occupancy Analytics (Tenent Facing)
001Pr000003pptH,BCI,Occupancy Analytics (Tenent Facing)
001Pr0000045Wt6,USACE Engineer Research Development Center ? Construction Engineering Research Laboratory (ERDC-CERL),Occupancy Analytics (Tenent Facing)
001Pr0000048iCs,Val Verde Unified School District,SecureAire
001Pr000004VFdK,Nexus Labs,Occupancy Analytics (Owner Facing)
001Pr000005EQSn,Quad Real,ODCV
001Pr000005qJOh,University of Maryland,Occupancy Analytics (Tenent Facing)
001Pr0000069ZOF,Freddie Mac,Occupancy Analytics (Tenent Facing)
001Pr000006B3ok,Seattle Academy of Arts and Sciences,IAQ Monitoring
001Pr000006JrWc,Stanford School of Med,Occupancy Analytics (Tenent Facing)
001Pr000006phE5,Algoma University,IAQ Monitoring
001Pr000006phE5,Algoma University,Occupancy Analytics (Tenent Facing)
001Pr000006ruQS,SLAC National Accelerator Laboratory,Occupancy Analytics (Tenent Facing)
001Pr000006s8Zp,Childrens Hospital Los Angeles,Occupancy Analytics (Tenent Facing)
001Pr000006VRrj,Children's Healthcare of Atlanta,Occupancy Analytics (Tenent Facing)
001Pr000007EgzT,Elan Espirit Preschool,IAQ Monitoring
001Pr000007EgzT,Elan Espirit Preschool,Occupancy Analytics (Tenent Facing)
001Pr000007p85z,OneLegacy,IAQ Monitoring
001Pr000007p85z,OneLegacy,Occupancy Analytics (Tenent Facing)
001Pr000007p85z,OneLegacy,SecureAire
001Pr000007tQAkIAM,A-Quality Facility Services,ODCV
001Pr0000081lOU,Universal Creative,Occupancy Analytics (Tenent Facing)
001Pr000008drxX,ConEd,Occupancy Analytics (Tenent Facing)
001Pr000008fLez,Singapore Tourism Board,Occupancy Analytics (Tenent Facing)
001Pr000008fRm1,Central Peninsula Hospital,Occupancy Analytics (Tenent Facing)
001Pr000008H8EI,One Medical,Occupancy Analytics (Tenent Facing)
001Pr000008H8EI,One Medical,SecureAire
001Pr000008HBdb,Leaf Spring School,IAQ Monitoring
001Pr000008HBdb,Leaf Spring School,Occupancy Analytics (Tenent Facing)
001Pr000008IK8X,ARPA-H,IAQ Monitoring
001Pr000008kDfB,Novo Nordisk,IAQ Monitoring
001Pr000008kDfB,Novo Nordisk,Occupancy Analytics (Tenent Facing)
001Pr000008YH9u,City of Seattle,Occupancy Analytics (Tenent Facing)
001Pr000009FAwL,Gensler,Occupancy Analytics (Tenent Facing)
001Pr000009Hubi,Tatrabanka A.S.,Occupancy Analytics (Tenent Facing)
001Pr000009hX20,Koch Industries,Occupancy Analytics (Tenent Facing)
001Pr000009LlA2,Sphere 5200,Occupancy Analytics (Tenent Facing)
001Pr000009WmXN,UVCalogix,IAQ Monitoring
001Pr000009WmXNIA0,Arcalogix,Occupancy Analytics (Owner Facing)
001Pr00000A6fAn,Adyen,Occupancy Analytics (Tenent Facing)
001Pr00000A6fCP,Match Group,ODCV
001Pr00000A6Uwy,Gen Digital,Occupancy Analytics (Tenent Facing)
001Pr00000A86th,Shein,Occupancy Analytics (Tenent Facing)
001Pr00000A8UZS,Mercado Libre,Occupancy Analytics (Tenent Facing)
001Pr00000AkFKr,Schibsted,Occupancy Analytics (Tenent Facing)
001Pr00000Akj9F,CPM Source,Occupancy Analytics (Tenent Facing)
001Pr00000ALCzh,Miami Heat,IAQ Monitoring
001Pr00000ALCzh,Miami Heat,Occupancy Analytics (Tenent Facing)
001Pr00000ALhsD,Hello Fresh,Occupancy Analytics (Tenent Facing)
001Pr00000B4inJ,EwingCole,Occupancy Analytics (Owner Facing)
001Pr00000B6aLr,Roku,Occupancy Analytics (Tenent Facing)
001Pr00000BOzX5,Gates Foundation,Occupancy Analytics (Tenent Facing)
001Pr00000BQV9u,Global Logic,Occupancy Analytics (Tenent Facing)
001Pr00000Cafyd,Kyndryl,Occupancy Analytics (Tenent Facing)
001Pr00000CAluo,Smith & Nephew LLC,Occupancy Analytics (Tenent Facing)
001Pr00000CeiQ1,Low Tide Properties,ODCV
001Pr00000CHwNF,The Durst Organization,ODCV
001Pr00000CHwNF,The Durst Organization,SecureAire
001Pr00000Ck7qo,Clarient Group,IAQ Monitoring
001Pr00000Ck7qo,Clarient Group,Occupancy Analytics (Owner Facing)
001Pr00000Ck7qo,Clarient Group,ODCV
001Pr00000CMvC2,Parkway Corporation,SecureAire
001Pr00000CnjrX,CRVA,IAQ Monitoring
001Pr00000COCFg,Skanska,ODCV
001Pr00000CR5ha,Dexcom,Occupancy Analytics (Tenent Facing)
001Pr00000CR5ha,Dexcom,SecureAire
001Pr00000CRm4r,Stanford University (2),Occupancy Analytics (Tenent Facing)
001Pr00000CROFU,BGO,IAQ Monitoring
001Pr00000CROFU,BGO,Occupancy Analytics (Owner Facing)
001Pr00000CROFU,BGO,ODCV
001Pr00000CROFX,Brandywine REIT,Occupancy Analytics (Owner Facing)
001Pr00000CROFX,Brandywine REIT,ODCV
001Pr00000CROFX,Brandywine REIT,SecureAire
001Pr00000CRPA3,Rudin Management,IAQ Monitoring
001Pr00000CRPA3,Rudin Management,SecureAire
001Pr00000CRTBv,IHG Hotels & Resorts,ODCV
001Pr00000CRTBv,IHG Hotels & Resorts,SecureAire
001Pr00000CRTqJ,Lincoln Property,IAQ Monitoring
001Pr00000CRTqJ,Lincoln Property,Occupancy Analytics (Owner Facing)
001Pr00000CRTqJ,Lincoln Property,SecureAire
001Pr00000CRTrw,Polinger Company,ODCV
001Pr00000CRTtT,Silverstein,SecureAire
001Pr00000CRTtW,Tishman Speyer,SecureAire
001Pr00000CRTtX,Tri Properties,SecureAire
001Pr00000CRU1b,CP Group,ODCV
001Pr00000CU5sz,MBB Affiliates,SecureAire
001Pr00000D1aMvIAJ,FM:Systems,IAQ Monitoring
001Pr00000D2k7M,TTI,Occupancy Analytics (Tenent Facing)
001Pr00000D8Esj,Al-Futtaim Engineering & Technologies,SecureAire
001Pr00000Djoij,Acentech,IAQ Monitoring
001Pr00000DKcXt,L.E.K. Consulting,Occupancy Analytics (Tenent Facing)
001Pr00000DKlxmIAD,SecureAire,ODCV
001Pr00000DPKs7,Agilent Technologies,Occupancy Analytics (Tenent Facing)
001Pr00000DPKs7,Agilent Technologies,ODCV
001Pr00000DRZ3q,Arlington/Roe,Occupancy Analytics (Tenent Facing)
001Pr00000DWT5p,GBH - Global Benchmarking Hub,IAQ Monitoring
001Pr00000DWT5p,GBH - Global Benchmarking Hub,Occupancy Analytics (Owner Facing)
001Pr00000DX4N8,Avison Young Canada,Occupancy Analytics (Tenent Facing)
001Pr00000DzQfd,Casa Pacifica ADHC Center,IAQ Monitoring
001Pr00000E1vdi,Sony Pictures Entertainment,Occupancy Analytics (Tenent Facing)
001Pr00000E20n3,PwC Spain,Occupancy Analytics (Tenent Facing)
001Pr00000E5vVS,Solano ADHC,IAQ Monitoring
001Pr00000EC159,Anheuser-Busch,Occupancy Analytics (Tenent Facing)
001Pr00000EfnzB,Cook County Government,Occupancy Analytics (Tenent Facing)
001Pr00000EhbsK,Miracle ADHC,IAQ Monitoring
001Pr00000EhbsK,Miracle ADHC,SecureAire
001Pr00000Ehf6J,NHS,ODCV
001Pr00000EhfHZ,HDR,SecureAire
001Pr00000EhksL,Aldi,ODCV
001Pr00000EhL7c,Whitbread,Occupancy Analytics (Owner Facing)
001Pr00000EICh1,Eastwood Nursing Center,IAQ Monitoring
001Pr00000EodVz,Barton Health System,IAQ Monitoring
001Pr00000Evjd3,UST,IAQ Monitoring
001Pr00000ExG3w,City of Burlington,Occupancy Analytics (Tenent Facing)
001Pr00000ExhH5,dsm-firmenich,ODCV
001Pr00000Exm8b,Windemere Park Senior Living Community,IAQ Monitoring
001Pr00000EYKHB,DivcoWest,IAQ Monitoring
001Pr00000Fce73,Memorial Healthcare,IAQ Monitoring
001Pr00000Fce73,Memorial Healthcare,Occupancy Analytics (Tenent Facing)
001Pr00000FFrZe,ADP,ODCV
001Pr00000FHelF,Saint Landry Parish School Board,ODCV
001Pr00000FHjhe,Dougherty County School System,ODCV
001Pr00000FHnyA,Hartselle City Schools,SecureAire
001Pr00000FHqCr,Cassville R-IV School District,SecureAire
001Pr00000FHqPl,Seminole Public School,ODCV
001Pr00000FHquP,Albemarle County Public Schools,ODCV
001Pr00000FHqWD,Yankton School District 63 - 3,ODCV
001Pr00000FJ53O,Forrest Solutions,Occupancy Analytics (Tenent Facing)
001Pr00000FmAKb,Integrated Cooling Solutions (ICS),SecureAire
001Pr00000FmCEL,Strathcona County,Occupancy Analytics (Tenent Facing)
001Pr00000Fpy82,Air Intelligence,SecureAire
001Pr00000Fpy83,Aqua Air,SecureAire
001Pr00000Fpy84,AuerSteel,IAQ Monitoring
001Pr00000Fpy84,AuerSteel,ODCV
001Pr00000Fpy84,AuerSteel,SecureAire
001Pr00000Fpy86,CSG Scientific,SecureAire
001Pr00000Fpy87,Energy Improvement Products - EIP HVAC,ODCV
001Pr00000Fpy87,Energy Improvement Products - EIP HVAC,SecureAire
001Pr00000Fpy8B,Gensco,IAQ Monitoring
001Pr00000Fpy8B,Gensco,SecureAire
001Pr00000Fpy8H,Vicon Equip,IAQ Monitoring
001Pr00000Fpy8H,Vicon Equip,SecureAire
001Pr00000FqWpZ,Kaiser Permanente - CA,Occupancy Analytics (Tenent Facing)
001Pr00000Ftw9B,The College Board,Occupancy Analytics (Tenent Facing)
001Pr00000FTYwvIAH,Lincoln Properties,Occupancy Analytics (Owner Facing)
001Pr00000Fv5Ox,Infrastructure Ontario,IAQ Monitoring
001Pr00000Fv5Ox,Infrastructure Ontario,Occupancy Analytics (Tenent Facing)
001Pr00000Fv5Ox,Infrastructure Ontario,SecureAire
001Pr00000FYm9d,Custom Mechanical Solutions (CMS),SecureAire
001Pr00000FYm9eIAD,Hobbs & Associates,ODCV
001Pr00000FYm9f,HTS New England,ODCV
001Pr00000FYm9h,Kildonan Energy,IAQ Monitoring
001Pr00000FYm9h,Kildonan Energy,SecureAire
001Pr00000FYm9h,Kildonan Energy,ODCV
001Pr00000FYm9i,Olympic International,IAQ Monitoring
001Pr00000FYm9i,Olympic International,SecureAire
001Pr00000FYm9j,RePure,IAQ Monitoring
001Pr00000FYm9j,RePure,SecureAire
001Pr00000FYm9k,Scott Springfield Mfg (SSM - Modine),SecureAire
001Pr00000FYm9m,Associated Air Products,SecureAire
001Pr00000FYm9n,Cogent Air Solutions,IAQ Monitoring
001Pr00000FYm9n,Cogent Air Solutions,SecureAire
001Pr00000FYm9qIAD,Newmatic Engineering,ODCV
001Pr00000FYm9r,Temperature Equipment Corporation (TEC),IAQ Monitoring
001Pr00000FYm9r,Temperature Equipment Corporation (TEC),ODCV
001Pr00000FYm9r,Temperature Equipment Corporation (TEC),SecureAire
001Pr00000FYm9t,WA VA Home,SecureAire
001Pr00000FYm9u,BASX In UCSD,SecureAire
001Pr00000FYm9v,Bethel HS,SecureAire
001Pr00000FYm9w,Mary Bridge Childrens Hospital,SecureAire
001Pr00000FYm9x,Shadowlawn School,SecureAire
001Pr00000FYm9y,NKC Seattle,SecureAire
001Pr00000FYm9z,UTMC Expansion,SecureAire
001Pr00000FYmA0,MGH Waltham Hospital,SecureAire
001Pr00000FYmA1,INSA Grow Facility (FL),SecureAire
001Pr00000FYmA2,345 Dorchester Avenue,SecureAire
001Pr00000FYmA3,Seaport Circle (Parcel H),SecureAire
001Pr00000FYmA4,INSA Grow Facility (CT),SecureAire
001Pr00000FYmA5,INSA Grow Facility (NJ),SecureAire
001Pr00000FYmA6,Harvard Repertory Theater,SecureAire
001Pr00000FYmA7,AWH - 24 Franklin,SecureAire
001Pr00000FYmA8,AWH - Ohio Henna,SecureAire
001Pr00000FYmA9,Harvard ERC Treehouse,SecureAire
001Pr00000FYmAA,Alcott ERU's,SecureAire
001Pr00000FYmAB,2nd district court house sarasota,SecureAire
001Pr00000FYmAC,DJ Insight Aaon,SecureAire
001Pr00000FYmAD,Buffalo Grow Facility,SecureAire
001Pr00000FYmAE,Verano Grow Facility,SecureAire
001Pr00000FYmAF,Orlando Airport GOAA,SecureAire
001Pr00000FYmAG,AHU Trane Project Insight Partners,SecureAire
001Pr00000FYmAH,Moffitt Carrol,SecureAire
001Pr00000FYmAI,Tampa Yacht Club,SecureAire
001Pr00000FYmAJ,Symmes E School,SecureAire
001Pr00000FYmAK,Stable Research Building SRB Moffitt,SecureAire
001Pr00000FYmAL,2nd District Court,SecureAire
001Pr00000FYmAM,Aloft Kitchen,SecureAire
001Pr00000FYmAN,Universal B3 Locker Rooms,SecureAire
001Pr00000FYmAO,Collier County SL 4,SecureAire
001Pr00000FYmAP,Granville Lodge,SecureAire
001Pr00000FYmAQ,Cadillac Fairview,SecureAire
001Pr00000FYmBa,280 Victoria Street,SecureAire
001Pr00000FYmBb,North Regina Mixed Use School,SecureAire
001Pr00000FYmBc,OSU-CIC,SecureAire
001Pr00000FYmBd,West Shore PSE,SecureAire
001Pr00000FYmBe,City of Glendale,SecureAire
001Pr00000FYmBK,New St. Pauls Hospital,SecureAire
001Pr00000FYmBN,Post Project (Amazon),SecureAire
001Pr00000FYmBr,Naval Air Station North Island,SecureAire
001Pr00000FYmBY,Casa Dryer,SecureAire
001Pr00000FYmC0,1125 Carnegie St 11th Floor rev 3,SecureAire
001Pr00000FYmC1,MLK Dream Center,SecureAire
001Pr00000FYmC2,Corning Reynosa,SecureAire
001Pr00000FYZ5y,Budget Small Ton RTU,SecureAire
001Pr00000FYZ5z,7320 Sheridan,SecureAire
001Pr00000FYZ60,1125 Carnegie rev 2 rebid,SecureAire
001Pr00000FYZ61,NuEra filters,SecureAire
001Pr00000FYZ62,Garfield Court,SecureAire
001Pr00000FYZ63,Beacon Medical South Bend IN,SecureAire
001Pr00000G4jm8,Crombie REIT,ODCV
001Pr00000G4jmS,Woodbourne Real Estate,ODCV
001Pr00000G4jmT,Jamestown,SecureAire
001Pr00000G9ocI,CBE (Central Bank of Eswatini),SecureAire
001Pr00000GAiHt,Columbia College Chicago,Occupancy Analytics (Tenent Facing)
001Pr00000GanCH,Brin Glass,IAQ Monitoring
001Pr00000GEVyn,Gilead Sciences Inc,Occupancy Analytics (Tenent Facing)
001Pr00000GgyGI,Tata Consultancy Services,Occupancy Analytics (Tenent Facing)
001Pr00000GIU1f,Vancouver General Hospital,SecureAire
001Pr00000GnjCT,Zoox,Occupancy Analytics (Tenent Facing)
001Pr00000GnvyQ,Redstone VT,Occupancy Analytics (Tenent Facing)
001Pr00000GnXHm,GIC,Occupancy Analytics (Tenent Facing)
001Pr00000Go34k,NYC School Construction Authority,ODCV
001Pr00000Go3vx,Finastra,Occupancy Analytics (Tenent Facing)
001Pr00000Go60z,The Boulos Company,Occupancy Analytics (Tenent Facing)
001Pr00000GY5KD,ARUP,IAQ Monitoring
001Pr00000GY5KD,ARUP,ODCV
001Pr00000GZ839,National Institutes of Health,Occupancy Analytics (Tenent Facing)
001Pr00000H6EeR,Thermflo,SecureAire
001Pr00000H6MyY,TCC CILE Custom AHU,ODCV
001Pr00000H9as5,Montebello School District,SecureAire
001Pr00000H9csJ,ROHR CHABD,SecureAire
001Pr00000H9yzH,Citi Trends,Occupancy Analytics (Tenent Facing)
001Pr00000Ha5Nd,Integrity Heating and Air Conditioning LLC,SecureAire
001Pr00000HkVJz,Consumers Credit Union,IAQ Monitoring
001Pr00000HkVJz,Consumers Credit Union,Occupancy Analytics (Tenent Facing)
001Pr00000Hldyc,Department of General Services,SecureAire
001Pr00000HljSx,Toronto Dominion,SecureAire
001Pr00000HlnJe,BioPure,SecureAire
001Pr00000HlvYw,Martens Heating and Cooling,SecureAire
001Pr00000HlwA1,David Heyburn Design Parts,SecureAire
001Pr00000HlzCj,Brisk Air,SecureAire
001Pr00000HMWfR,Root & Bloom,SecureAire
001Pr00000HMWsU,E. Alex Lloyd (Consumer),SecureAire
001Pr00000HSf4v,Fortescue,Occupancy Analytics (Tenent Facing)
001Pr00000HsOl7,Hesperia Unified,SecureAire
001Pr00000Htle1,Dubai Holdings,IAQ Monitoring
001Pr00000Htle1,Dubai Holdings,Occupancy Analytics (Owner Facing)
001Pr00000HuiMN,Sheppard Mullin Richter and Hampton LLC,Occupancy Analytics (Tenent Facing)
001Pr00000HunM4,Oaktree Capital,Occupancy Analytics (Tenent Facing)
001Pr00000HunsI,Neuberger Berman,Occupancy Analytics (Tenent Facing)
001Pr00000HWc0O,Empire Heating and Air Conditioning Company,SecureAire
001Pr00000HWob2,Rodenhiser HVAC,IAQ Monitoring
001Pr00000HWob2,Rodenhiser HVAC,SecureAire
001Pr00000HWpYj,Value Added Distributors (VAD - Virginia Air),IAQ Monitoring
001Pr00000HWpYj,Value Added Distributors (VAD - Virginia Air),SecureAire
001Pr00000HWrkB,Fairfield Company,SecureAire
001Pr00000HWy7J,Lee's Heating and Cooling Co,SecureAire
001Pr00000HX0tv,HC Nye HVAC,IAQ Monitoring
001Pr00000HX0tv,HC Nye HVAC,SecureAire
001Pr00000HZsro,OCS Millbury,SecureAire
001Pr00000I265P,Quality Comfort Experts,IAQ Monitoring
001Pr00000I265P,Quality Comfort Experts,SecureAire
001Pr00000I2KJd,Shanahan HVAC,SecureAire
001Pr00000I3Jmw,Norton Rose Fulbright,Occupancy Analytics (Tenent Facing)
001Pr00000I3Rfe,Equity Residential,ODCV
001Pr00000I3RHU,JP Morgan,Occupancy Analytics (Tenent Facing)
001Pr00000I9XOz,Shamrang Khalsa HVAC,SecureAire
001Pr00000IC31O,Crescent Real Estate,SecureAire
001Pr00000ID8S1,Crescent Heights,Occupancy Analytics (Owner Facing)
001Pr00000IEng4,Kerrville Independent School District,SecureAire
001Pr00000IEuXp,Williamsville Central School District,SecureAire
001Pr00000IGvzF,Ultimate Air Inc,SecureAire
001Pr00000IGxMk,Excellent Air Heating and Cooling,IAQ Monitoring
001Pr00000IGxMk,Excellent Air Heating and Cooling,SecureAire
001Pr00000IGz0L,Vicky Huynh HVAC,SecureAire
001Pr00000Il3En,Parkgate Library,SecureAire
001Pr00000IniFI,Faith Family Academy,SecureAire
001Pr00000InmU9,Point Pleasant Beach High School,SecureAire
001Pr00000INQKRIA5,Carbonfish,ODCV
001Pr00000Inqnu,Troup County Schools,SecureAire
001Pr00000InqO5,Habersham County School District,SecureAire
001Pr00000INYeZ,Spotify Inc.,Occupancy Analytics (Tenent Facing)
001Pr00000IqvUU,Swire Properties,Occupancy Analytics (Owner Facing)
001Pr00000IrKuH,Pepperdine University,IAQ Monitoring
001Pr00000IrKuH,Pepperdine University,Occupancy Analytics (Tenent Facing)
001Pr00000IrKuH,Pepperdine University,ODCV
001Pr00000IrKuH,Pepperdine University,SecureAire
001Pr00000IXQcT,Dept of Energy,Occupancy Analytics (Tenent Facing)
001Pr00000J6rTJ,Bresler Training,SecureAire
001Pr00000JAMR0,Green Shelter,SecureAire
001Pr00000JBDS3,Santa Fe Independent School District,SecureAire
001Pr00000JBQdl,Commercial Advisors LLC,SecureAire
001Pr00000JDGLq,Johnstone Supply,IAQ Monitoring
001Pr00000JDGLq,Johnstone Supply,SecureAire
001Pr00000JDjFi,North Clackamas School District,SecureAire
001Pr00000JDoKH,Mountain View School District,SecureAire
001Pr00000JDPH0,Total Air Masters,IAQ Monitoring
001Pr00000JDPH0,Total Air Masters,SecureAire
001Pr00000JDprO,Pittsburg Unified School District,SecureAire
001Pr00000JDQjK,"Absolute Comfort Heating and Air Conditioning, LLC",IAQ Monitoring
001Pr00000JDQjK,"Absolute Comfort Heating and Air Conditioning, LLC",SecureAire
001Pr00000JDuEN,Aldine Independent School District,SecureAire
001Pr00000JE1iv,Park Hill Schools,SecureAire
001Pr00000JE1qw,Albuquerque Public Schools,SecureAire
001Pr00000JE6p0,Boise School District,SecureAire
001Pr00000JEAiw,Anaheim Union High School District,SecureAire
001Pr00000JEBC0,New Kensington - Arnold School District,SecureAire
001Pr00000JEDs5,Caroline County Public Schools,SecureAire
001Pr00000JEVCH,St. Joseph School District,SecureAire
001Pr00000JEYrh,Sidney City Schools,SecureAire
001Pr00000Kal05,Irvine Company,SecureAire
001Pr00000KBr0k,"Air Solutions Heating & Cooling, Inc.",SecureAire
001Pr00000KBrIQ,Jason Robinson,SecureAire
001Pr00000KBxHO,Zhou Jiang,SecureAire
001Pr00000KDzgT,Aire Serv of North Eastern MN,SecureAire
001Pr00000KgcgU,Homestead Comfort,SecureAire
001Pr00000KLVID,Randstad Holding,Occupancy Analytics (Owner Facing)
001Pr00000KLVID,Randstad Holding,ODCV
001Pr00000KNzgo,Kautilya Vemulapalli,SecureAire
001Pr00000KO1M2,Alvin Botacio,SecureAire
001Pr00000L0UgM,Alexandria Real Estate,IAQ Monitoring
001Pr00000L0UgM,Alexandria Real Estate,Occupancy Analytics (Owner Facing)
001Pr00000LGhbJ,Explico,Occupancy Analytics (Tenent Facing)
001Pr00000LKahb,Gene Malkin_HVAC,SecureAire
001Pr00000LNpov,Nantum AI,Occupancy Analytics (Owner Facing)
001Pr00000LNpov,Nantum AI,ODCV
001Pr00000LwSPkIAN,Distech Controls,ODCV
001Pr00000M03UKIAZ,Evolution Sustainability Group,ODCV
001Pr00000M0NJM,Auros Group,ODCV
001Pr00000Mchor,1st Call Plumbing & AC,SecureAire
001Pr00000MFwwi,Vedder Price,Occupancy Analytics (Tenent Facing)
001Pr00000MlzMl,Apex Smart Water Solutions,SecureAire
001Pr00000MO8at,European Bank for Reconstruction and Development,IAQ Monitoring
001Pr00000MqJbN,Tharaldson Hospitality Management,SecureAire
001Pr00000MRcR9,Albireo Energy,ODCV
001Pr00000MYFZR,JMA Wireless,IAQ Monitoring
001Pr00000MYFZR,JMA Wireless,Occupancy Analytics (Tenent Facing)
001Pr00000MYFZR,JMA Wireless,ODCV
001Pr00000NAcd4,St. Joseph Bellingham - SA,SecureAire
001Pr00000NAGr6,Alachua Courthouse - SA,SecureAire
001Pr00000NAh03,Assembly Row,SecureAire
001Pr00000NAiYo,Bentall 6 - SA,SecureAire
001Pr00000NAJk8,Gresham - SA,SecureAire
001Pr00000NAmpJ,Signature Hospital - SA,SecureAire
001Pr00000NAO8i,Luminex - SA,SecureAire
001Pr00000NAOOn,Pregis - SA,SecureAire
001Pr00000NARg2,THN_Marpole Transit Centre - SA,SecureAire
001Pr00000NATmf,Solution Air - SA,SecureAire
001Pr00000NATMr,Trail Memorial - SA,SecureAire
001Pr00000NAUaf,Castle Kia - SA,SecureAire
001Pr00000NAUij,Castle Subaru - SA,SecureAire
001Pr00000NbN21,First Nations Health,SecureAire
001Pr00000ND4oh,THN_Takeoff - SA,SecureAire
001Pr00000NFxKH,Dyer Management LLC,ODCV
001Pr00000NGjvB,Cove Communities,SecureAire
001Pr00000NGmUr,Metrotown - SA,SecureAire
001Pr00000NkrKG,Country Financial,Occupancy Analytics (Tenent Facing)
001Pr00000NofM5,Kubota Canada,Occupancy Analytics (Tenent Facing)
001Pr00000O4xJq,Federal Reserve Bank of Atlanta - SA,SecureAire
001Pr00000O8A2p,Salvation Slavic Baptist Church - SA,SecureAire
001Pr00000OKX8W,Tempmaster - SA,SecureAire
001Pr00000OLe1R,Medford Water - SA,SecureAire
001Pr00000OLfYc,Sanctuary Apopka Dry Room - SA,SecureAire
001Pr00000OMeSP,Sofitel Hotels,Occupancy Analytics (Tenent Facing)
001Pr00000OMeSP,Sofitel Hotels,ODCV
001Pr00000OT6fN,Community First Hospital - SA,SecureAire
001Pr00000OZaNl,Partners Real Estate,Occupancy Analytics (Tenent Facing)